Pulled,Slug,Venue,Location,PriceRange,PdfUrl,PdfFile,Sha,Bytes,Pages,PriceCount,Prices,LastChanged
2026-10-03,ah-ma,AHMA,Disneytown,¥¥ (RMB 51 - 100 per adult),,,,,,,,
2026-10-03,andys-backyard-games-food-kiosk,Lotso Lunch Box,Disney•Pixar Toy Story Land,¥¥ (RMB 51 - 100 per adult),https://static.shanghaidisneyresort.com/web-img-gallery/lotso_lunch_box.pdf,lotso_lunch_box.pdf,d3894c9cea5a3a27,2649460,2,23,5 5 10 10 10 10 15 15 20 20 25 25 25 35 35 40 45 45 45 58 68 85 95,2026-10-03
2026-10-03,aurora,Aurora,Shanghai Disneyland Hotel,¥¥¥¥¥ (RMB 501- 1000 per adult),https://static.shanghaidisneyresort.com/web-img-gallery/aurora-beverage-2024spring.pdf,aurora-beverage-2024spring.pdf,c84da05dccfb489c,815102,8,70,12 12 15 21 23 30 38 38 38 38 45 45 45 48 48 48 48 48 48 48 48 48 58 58 68 68 68 68 78 78 78 78 78 88 88 88 88 88 88 88 98 98 98 100 100 118 120 128 128 128 128 150 150 180 180 180 180 180 180 190 200 228 228 270 280 296 330 330 330 750,2026-09-05
2026-10-03,aurora,Aurora,Shanghai Disneyland Hotel,¥¥¥¥¥ (RMB 501- 1000 per adult),https://static.shanghaidisneyresort.com/web-img-gallery/aurora-wine-2024spring.pdf,aurora-wine-2024spring.pdf,773232cf0606675c,1136524,25,57,5 6 7 8 9 10 10 11 12 13 14 15 16 17 18 19 20 20 21 22 23 24 25 25 100 280 280 380 380 480 480 480 480 480 680 680 680 680 680 680 680 680 680 680 880 880 880 880 880 880 880 880 880 880 880 880 1884,2026-09-05
2026-10-03,aurora,Aurora,Shanghai Disneyland Hotel,¥¥¥¥¥ (RMB 501- 1000 per adult),https://static.shanghaidisneyresort.com/web-img-gallery/aurora.pdf,aurora.pdf,e0e454d5ccd26cd6,83366012,23,71,8 8 10 10 58 58 58 68 68 90 90 90 98 98 100 108 108 108 110 120 120 140 140 150 170 180 198 200 200 220 220 220 220 230 238 240 245 250 250 288 288 320 350 350 360 370 388 388 388 500 588 588 588 588 588 588 688 688 788 843 843 988 988 1021 1021 1088 1088 1300 1300 1588 1588,2026-09-05
2026-10-03,bacchus-lounge,Bacchus Lounge,Shanghai Disneyland Hotel,¥¥¥ (RMB 101 - 300 per adult),https://static.shanghaidisneyresort.com/web-img-gallery/bacchus_lounge0709.pdf,bacchus_lounge0709.pdf,6a9d5ac908212e52,10799872,2,9,48 58 68 68 88 108 108 138 168,2026-09-05
2026-10-03,ballet-cafe,Ballet Cafe,Shanghai Disneyland Hotel,¥¥ (RMB 51 - 100 per adult),https://static.shanghaidisneyresort.com/web-img-gallery/ballet_cafe0709.pdf,ballet_cafe0709.pdf,6a9d5ac908212e52,10799872,2,9,48 58 68 68 88 108 108 138 168,2026-09-05
2026-10-03,barbossas-bounty,Barbossa's Bounty,Treasure Cove,¥¥ (RMB 51 - 100 per adult),https://static.shanghaidisneyresort.com/web-img-gallery/barbossas_bounty.pdf,barbossas_bounty.pdf,b36c9a479e14da96,31270710,3,35,5 10 18 20 20 23 25 25 25 25 30 30 30 35 40 40 40 50 55 75 75 85 85 89 109 109 119 119 119 119 129 139 329 459 1750,2026-10-03
2026-10-03,blue-frog-bar-grill,blue frog bar & grill,Disneytown,¥¥¥ (RMB 101 - 300 per adult),,,,,,,,
2026-10-03,captain-s-kettle,Captain’s Kettle,Treasure Cove,,https://static.shanghaidisneyresort.com/web-img-gallery/captains_kettle.pdf,captains_kettle.pdf,5a906c53cc3fc0c5,1372444,1,0,,2026-10-03
2026-10-03,chip-dales-treehouse,Chip & Dale's Treehouse Treats,Mickey Avenue,¥ (RMB 1-50 per adult),https://static.shanghaidisneyresort.com/web-img-gallery/chip_n_dales_treehouse_treats0705.pdf,chip_n_dales_treehouse_treats0705.pdf,0ca310742daebfb6,8385181,1,0,,2026-09-05
2026-10-03,chipmunk-snacks,Chipmunk Snacks,Adventure Isle,¥¥ (RMB 51 - 100 per adult),https://static.shanghaidisneyresort.com/web-img-gallery/chipmunk_snacks.pdf,chipmunk_snacks.pdf,6f7d1858c8a832a8,1611284,1,14,10 15 15 30 35 35 40 45 45 45 50 68 75 75,2026-10-03
2026-10-03,chua-lams-dim-sum,Chua Lam's Dim Sum,Disneytown,¥¥¥ (RMB 101 - 300 per adult),,,,,,,,
2026-10-03,cookieann-bakery-cafe,CookieAnn Bakery Café,Mickey Avenue,¥¥ (RMB 51 - 100 per adult),https://static.shanghaidisneyresort.com/web-img-gallery/cookieann_bakery_cafe.pdf,cookieann_bakery_cafe.pdf,54e7d0a660fb9a67,8235993,3,15,10 15 30 35 35 40 45 45 45 50 50 68 68 68 158,2026-10-03
2026-10-03,coucou,COUCOU,Disneytown,¥¥¥ (RMB 101 - 300 per adult),,,,,,,,
2026-10-03,donalds-dine-n-delights,Donald's Dine 'n Delights,Disneytown,¥¥¥ (RMB 101 - 300 per adult),https://static.shanghaidisneyresort.com/web-img-gallery/donalds_dine_n_delights.pdf,donalds_dine_n_delights.pdf,37aa2a940c188a46,53952201,22,77,11 18 18 18 18 28 38 38 38 38 48 48 48 48 48 48 48 48 48 48 48 48 50 58 58 58 58 68 68 68 68 68 68 78 78 78 78 78 88 88 88 88 88 88 88 88 88 98 98 98 98 98 98 120 128 128 138 138 138 138 138 138 150 158 168 168 168 168 180 198 198 200 228 250 300 328 388,2026-09-30
2026-10-03,dondonya,DONDONYA,Disneytown,¥¥ (RMB 51 - 100 per adult),,,,,,,,
2026-10-03,duffy-and-friends-celebration-hall,Duffy and Friends Celebration Hall,Adventure Isle,¥¥¥ (RMB 101 - 300 per adult),https://static.shanghaidisneyresort.com/web-img-gallery/duffy_and_friends_celebration_hall.pdf,duffy_and_friends_celebration_hall.pdf,a7158966f7206c6c,13964387,3,29,5 5 5 6 6 9 9 10 11 15 18 20 25 30 30 30 35 35 40 45 48 55 68 108 109 119 119 119 138,2026-10-03
2026-10-03,fairy-godmothers-cupboard,Fairy Godmother's Cupboard,Fantasyland,¥¥ (RMB 51 - 100 per adult),,,,,,,,
2026-10-03,fantasyland-mickey-mouse-hand-bun-outdoor-vending-cart,Fantasyland Mickey Mouse Hand Bun Outdoor Vending Cart,Fantasyland,¥¥ (RMB 51 - 100 per adult),https://static.shanghaidisneyresort.com/web-img-gallery/fantasyland_mickey_mouse_hand_bun_outdoor_vending_cart.pdf,fantasyland_mickey_mouse_hand_bun_outdoor_vending_cart.pdf,2b5d54c6ce15712e,2249189,1,0,,2026-10-03
2026-10-03,ichigo,ICHIGO ICHIE,Disneytown,¥¥¥ (RMB 101 - 300 per adult),,,,,,,,
2026-10-03,il-paperino,Il Paperino,Mickey Avenue,¥¥ (RMB 51 - 100 per adult),https://static.shanghaidisneyresort.com/web-img-gallery/il_paperino.pdf,il_paperino.pdf,a832741c8f12b102,7581501,3,18,35 35 58 58 58 58 58 58 68 68 68 68 68 68 70 78 88 158,2026-10-03
2026-10-03,ippudo,IPPUDO,Disneytown,¥¥ (RMB 51 - 100 per adult),,,,,,,,
2026-10-03,jumbeauxs-cafe,Jumbeaux's Cafe,Zootopia,¥¥ (RMB 51 - 100 per adult),https://static.shanghaidisneyresort.com/web-img-gallery/jumbeauxs_cafe.pdf,jumbeauxs_cafe.pdf,7d2bca402cdbf5e2,1246394,1,0,,2026-10-03
2026-10-03,kwei-mun-lung-jiangnan-market,Kwei Mun Lung·Jiangnan Market,Disneytown,¥¥ (RMB 51 - 100 per adult),,,,,,,,
2026-10-03,lian,LIAN,Disneytown,¥¥¥ (RMB 101 - 300 per adult),,,,,,,,
2026-10-03,lumieres-kitchen,Lumière’s Kitchen,Shanghai Disneyland Hotel,¥¥¥¥ (RMB 301- 500 per adult),,,,,,,,
2026-10-03,manner-coffee,MANNER COFFEE,Disneytown,¥ (RMB 1-50 per adult),,,,,,,,
2026-10-03,mickey-pals-market-cafe,Mickey & Pals Market Café,Mickey Avenue,¥¥¥ (RMB 101 - 300 per adult),https://static.shanghaidisneyresort.com/web-img-gallery/mickey_n_pals_market_cafe.pdf,mickey_n_pals_market_cafe.pdf,b5f9a0117065811c,21169964,3,50,5 5 5 5 5 5 5 7 7 7 7 7 7 7 10 15 18 18 20 20 22 25 25 25 30 30 30 30 31 35 35 35 40 40 45 45 45 45 45 55 55 55 68 89 99 119 119 119 299 1199,2026-10-03
2026-10-03,paper-stone-bakery,PAPER STONE BAKERY,Disneytown,¥ (RMB 1-50 per adult),,,,,,,,
2026-10-03,picnic-basket,Picnic Basket,Gardens of Imagination,¥¥ (RMB 51 - 100 per adult),https://static.shanghaidisneyresort.com/web-img-gallery/picnic_basket.pdf,picnic_basket.pdf,b5d206b4ea095ee2,1341743,1,0,,2026-09-05
2026-10-03,pinocchio-village-kitchen,Pinocchio Village Kitchen,Fantasyland,¥¥ (RMB 51 - 100 per adult),https://static.shanghaidisneyresort.com/web-img-gallery/pinocchio_village_kitchen.pdf,pinocchio_village_kitchen.pdf,0f2f566814a29f96,11900531,3,47,5 5 5 6 9 9 9 10 10 11 15 15 18 20 25 25 30 30 30 30 35 35 35 40 40 45 45 45 50 50 55 58 68 89 109 109 109 109 119 119 119 119 119 169 299 450 650,2026-10-03
2026-10-03,pintel-ragettis-grub-grab,Pintel & Ragetti's Grub to Grab,Treasure Cove,¥¥ (RMB 51 - 100 per adult),,,,,,,,
2026-10-03,pooh-and-friends-treats,Pooh and Friends Treats,Fantasyland,¥ (RMB 1-50 per adult),https://static.shanghaidisneyresort.com/web-img-gallery/pooh_and_friends_treats.pdf,pooh_and_friends_treats.pdf,ecabe4ad3dbb8057,6100047,1,12,10 15 15 30 35 35 40 45 45 45 75 80,2026-10-03
2026-10-03,royal-banquet-hall,Royal Banquet Hall,Fantasyland,¥¥¥¥ (RMB 301- 500 per adult),https://static.shanghaidisneyresort.com/web-img-gallery/royal_banquet_hall.pdf,royal_banquet_hall.pdf,c66925318e6f1b7a,14955704,5,10,18 68 68 68 298 298 428 428 658 788,2026-09-05
2026-10-03,snackin-kraken,The Snackin' Kraken,Treasure Cove,¥ (RMB 1-50 per adult),https://static.shanghaidisneyresort.com/web-img-gallery/the_snackin_kraken.pdf,the_snackin_kraken.pdf,2ea81ccb8902011a,7127781,1,13,10 15 15 15 30 35 35 35 40 45 45 45 55,2026-10-03
2026-10-03,star-trail-snacks,Star Trail Snacks,Tomorrowland,¥ (RMB 1-50 per adult),https://static.shanghaidisneyresort.com/web-img-gallery/star_trail_snacks.pdf,star_trail_snacks.pdf,07dc2a1058f032d1,1623210,1,6,10 15 15 15 68 68,2026-10-03
2026-10-03,starbucks,Starbucks Disneytown Store,Disneytown,¥ (RMB 1-50 per adult),,,,,,,,
2026-10-03,stargazer-grill,Stargazer Grill,Tomorrowland,¥¥ (RMB 51 - 100 per adult),https://static.shanghaidisneyresort.com/web-img-gallery/stargazer_grill.pdf,stargazer_grill.pdf,245031bcddc01d53,14060365,3,57,5 5 5 5 5 6 6 7 8 8 9 9 9 9 10 18 20 20 25 25 30 30 30 30 30 30 35 35 35 40 40 40 45 45 45 45 45 50 50 50 55 58 80 80 80 90 90 99 108 108 109 119 119 119 169 369 459,2026-10-03
2026-10-03,sunnyside-cafe,Sunnyside Café,Toy Story Hotel,¥¥¥ (RMB 101 - 300 per adult),https://static.shanghaidisneyresort.com/web-img-gallery/sunnyside_cafe0709.pdf,sunnyside_cafe0709.pdf,fa1b6f44a085636c,10576245,2,22,20 20 25 30 30 30 35 40 55 78 88 98 98 108 108 108 108 108 109 118 408 408,2026-09-05
2026-10-03,sunnyside-market,Sunnyside Market,Toy Story Hotel,¥¥ (RMB 51 - 100 per adult),https://static.shanghaidisneyresort.com/web-img-gallery/sunnyside_market.pdf,sunnyside_market.pdf,c87fee52e69d853f,3957151,2,14,38 48 48 58 58 58 68 68 88 98 108 108 118 118,2026-09-05
2026-10-03,tangled-tree-tavern,Tangled Tree Tavern,Fantasyland,¥¥ (RMB 51 - 100 per adult),https://static.shanghaidisneyresort.com/web-img-gallery/tangled_tree_tavern.pdf,tangled_tree_tavern.pdf,338dd2cc39749ec3,10630585,3,7,11 18 30 50 119 119 119,2026-10-03
2026-10-03,the-cheesecake-factory,The Cheesecake Factory,Disneytown,¥¥¥ (RMB 101 - 300 per adult),,,,,,,,
2026-10-03,tidu,TIDU,Disneytown,¥¥¥ (RMB 101 - 300 per adult),,,,,,,,
2026-10-03,timothys-treats,Timothy's Treats,Gardens of Imagination,¥¥ (RMB 51 - 100 per adult),https://static.shanghaidisneyresort.com/web-img-gallery/timothys_treats.pdf,timothys_treats.pdf,4eccc59f11393de6,1424823,1,15,10 10 15 15 15 30 35 35 35 40 45 45 45 80 85,2026-10-03
2026-10-03,tortuga-treats,Tortuga Treats,Treasure Cove,¥¥ (RMB 51 - 100 per adult),https://static.shanghaidisneyresort.com/web-img-gallery/tortuga_treats.pdf,tortuga_treats.pdf,bdc7ebb659e19474,4857929,1,3,15 85 85,2026-10-03
2026-10-03,troubadour-treats,Troubadour Treats,Fantasyland,¥ (RMB 1-50 per adult),https://static.shanghaidisneyresort.com/web-img-gallery/troubadour_treats.pdf,troubadour_treats.pdf,9b21fa7085cf99e7,2607488,1,12,1100 1155 1155 1155 3300 3355 3355 4400 4400 4455 4455 4455,2026-10-03
2026-10-03,xiang-zi-kuan,Xiang Zi Kuan,Disneytown,¥¥ (RMB 51 - 100 per adult),,,,,,,,
2026-10-03,xin-wang,Xin Wang,Disneytown,¥¥ (RMB 51 - 100 per adult),,,,,,,,
2026-10-03,yakiniku-like,YAKINIKU LIKE Disneytown Store,Disneytown,¥¥ (RMB 51 - 100 per adult),,,,,,,,
